<Ui xmlns="http://www.blizzard.com/wow/ui/" xmlns:xsi="http://www.w3.org/2001/XMLSchema-instance" xsi:schemaLocation="http://www.blizzard.com/wow/ui/
..\FrameXML\UI.xsd">
	<!-- Autoloading of included guides. Add your Guide##.lua files here as you please. -->

		<Script>
		___TG = debugprofilestop()
		</Script>

		<Script file="Images\Images.lua"/>
	
	<!-- INCLUDES -->
		<!-- NEUTRAL -->
		<Script file="Z_Includes\N_General_Includes.lua"/>

		<!-- ALLIANCE -->
		<Script file="Achievements\A_Achievements_Includes.lua"/>
		<Script file="Dailies\A_Dailies_Includes.lua"/>
		<Script file="Dungeons\A_Dungeons_Includes.lua"/>
		<Script file="Dailies\A_Events_Includes.lua"/>
		<Script file="Leveling\A_Garrisons_Includes.lua"/>
		<Script file="Z_Includes\A_General_Includes.lua"/>
		<Script file="PetsMounts\A_Mounts_Includes.lua"/>
		<Script file="PetsMounts\A_Pets_Includes.lua"/>
		<Script file="Professions\A_Professions_Includes.lua"/>
		<Script file="Z_Includes\A_Quest_Includes.lua"/>
		<Script file="Reputations\A_Reputation_Includes.lua"/>
		<Script file="Titles\A_Titles_Includes.lua"/>

		<!-- HORDE -->
		<Script file="Achievements\H_Achievements_Includes.lua"/>
		<Script file="Dailies\H_Dailies_Includes.lua"/>
		<Script file="Dungeons\H_Dungeons_Includes.lua"/>
		<Script file="Dailies\H_Events_Includes.lua"/>
		<Script file="Leveling\H_Garrisons_Includes.lua"/>
		<Script file="Z_Includes\H_General_Includes.lua"/>
		<Script file="PetsMounts\H_Mounts_Includes.lua"/>
		<Script file="PetsMounts\H_Pets_Includes.lua"/>
		<Script file="Professions\H_Professions_Includes.lua"/>
		<Script file="Z_Includes\H_Quest_Includes.lua"/>
		<Script file="Reputations\H_Reputation_Includes.lua"/>
		<Script file="Titles\H_Titles_Includes.lua"/>
		
		<!-- COMMON -->
		<Script file="Z_Includes\ZygorCommon.lua"/>

	<!-- LEVELING -->
		<!-- CATA -->
		<Script file="Leveling\ZygorLevelingAllianceCATA_MASTER.lua"/>
		<Script file="Leveling\ZygorLevelingAllianceCATA.lua"/>
		<Script file="Leveling\ZygorLevelingAllianceCATATrial.lua"/>

		<Script file="Leveling\ZygorLevelingHordeCATA_MASTER.lua"/>
		<Script file="Leveling\ZygorLevelingHordeCATA.lua"/>
		<Script file="Leveling\ZygorLevelingHordeCATATrial.lua"/>

		<!-- MOP -->
		<Script file="Leveling\ZygorLevelingPandaStarterMOP_MASTER.lua"/>
		<Script file="Leveling\ZygorLevelingPandaStarterMOP.lua"/>
		<Script file="Leveling\ZygorLevelingPandaStarterMOPTrial.lua"/>

		<Script file="Leveling\ZygorLevelingAllianceMOP_MASTER.lua"/>
		<Script file="Leveling\ZygorLevelingAllianceMOP.lua"/>
		<Script file="Leveling\ZygorLevelingAllianceMOPTrial.lua"/>

		<Script file="Leveling\ZygorLevelingHordeMOP_MASTER.lua"/>
		<Script file="Leveling\ZygorLevelingHordeMOP.lua"/>
		<Script file="Leveling\ZygorLevelingHordeMOPTrial.lua"/>

		<!-- WOD -->
		<Script file="Leveling\ZygorLevelingAllianceWOD_MASTER.lua"/>
		<Script file="Leveling\ZygorLevelingAllianceWOD.lua"/>
		<Script file="Leveling\ZygorLevelingAllianceWODTrial.lua"/>
		
		<Script file="Leveling\GarrisonAllianceWOD_MASTER.lua"/>
		<Script file="Leveling\GarrisonAllianceWOD.lua"/>
		<Script file="Leveling\GarrisonAllianceWODTrial.lua"/>
		
		<Script file="Leveling\ZygorLevelingHordeWOD_MASTER.lua"/>
		<Script file="Leveling\ZygorLevelingHordeWOD.lua"/>
		<Script file="Leveling\ZygorLevelingHordeWODTrial.lua"/>

		<Script file="Leveling\GarrisonHordeWOD_MASTER.lua"/>
		<Script file="Leveling\GarrisonHordeWOD.lua"/>
		<Script file="Leveling\GarrisonHordeWODTrial.lua"/>

	<!-- DAILIES -->
		<!-- CATA -->
		<Script file="Dailies\ZygorDailiesAllianceCATA_MASTER.lua"/>
		<Script file="Dailies\ZygorDailiesAllianceCATA.lua"/>
		<Script file="Dailies\ZygorDailiesAllianceCATATrial.lua"/>

		<Script file="Dailies\ZygorDailiesHordeCATA_MASTER.lua"/>
		<Script file="Dailies\ZygorDailiesHordeCATA.lua"/>
		<Script file="Dailies\ZygorDailiesHordeCATATrial.lua"/>

		<!-- MOP -->
	
		<Script file="Dailies\ZygorDailiesHordeMOP_Master.lua"/>
		<Script file="Dailies\ZygorDailiesHordeMOP.lua"/>
		<Script file="Dailies\ZygorDailiesHordeMOPTrial.lua"/>
		
		<Script file="Dailies\ZygorDailiesAllianceMOP_Master.lua"/>
		<Script file="Dailies\ZygorDailiesAllianceMOP.lua"/>
		<Script file="Dailies\ZygorDailiesAllianceMOPTrial.lua"/>
	
		<!-- WOD -->
		<Script file="Dailies\ZygorDailiesAllianceWOD_MASTER.lua"/>
		<Script file="Dailies\ZygorDailiesAllianceWOD.lua"/>
		<Script file="Dailies\ZygorDailiesAllianceWODTrial.lua"/>

		<Script file="Dailies\ZygorDailiesHordeWOD_MASTER.lua"/>
		<Script file="Dailies\ZygorDailiesHordeWOD.lua"/>
		<Script file="Dailies\ZygorDailiesHordeWODTrial.lua"/>

	<!-- DUNGEONS -->
		<!-- MOP -->
		<Script file="Dungeons\ZygorDungeonAllianceMOP_MASTER.lua"/>
		<Script file="Dungeons\ZygorDungeonAllianceMOP.lua"/>
		<Script file="Dungeons\ZygorDungeonAllianceMOPTrial.lua"/>

		<Script file="Dungeons\ZygorDungeonHordeMOP_MASTER.lua"/>
		<Script file="Dungeons\ZygorDungeonHordeMOP.lua"/>
		<Script file="Dungeons\ZygorDungeonHordeMOPTrial.lua"/>
		
		<Script file="Dungeons\ZygorDungeonScenariosAlliance_MoP_MASTER.lua"/>
		<Script file="Dungeons\ZygorDungeonScenariosAlliance_MoP.lua"/>
		<Script file="Dungeons\ZygorDungeonScenariosHorde_MoP_MASTER.lua"/>
		<Script file="Dungeons\ZygorDungeonScenariosHorde_MoP.lua"/>

		<!-- WOD -->
		<Script file="Dungeons\ZygorDungeonAllianceWOD_MASTER.lua"/>
		<Script file="Dungeons\ZygorDungeonAllianceWOD.lua"/>
		<Script file="Dungeons\ZygorDungeonAllianceWODTrial.lua"/>

		<Script file="Dungeons\ZygorDungeonHordeWOD_MASTER.lua"/>
		<Script file="Dungeons\ZygorDungeonHordeWOD.lua"/>
		<Script file="Dungeons\ZygorDungeonHordeWODTrial.lua"/>
		
		<Script file="Dungeons\ZygorDungeonScenariosAlliance_WOD_MASTER.lua"/>
		<Script file="Dungeons\ZygorDungeonScenariosAlliance_WOD.lua"/>
		<Script file="Dungeons\ZygorDungeonScenariosHorde_WOD_MASTER.lua"/>
		<Script file="Dungeons\ZygorDungeonScenariosHorde_WOD.lua"/>

	<!-- GEAR -->
		<Script file="Dungeons\ZygorGearHorde_MASTER.lua"/>
		<Script file="Dungeons\ZygorGearHorde.lua"/>
		<Script file="Dungeons\ZygorGearHordeTrial.lua"/>
		
		<Script file="Dungeons\ZygorGearAlliance_MASTER.lua"/>
		<Script file="Dungeons\ZygorGearAlliance.lua"/>
		<Script file="Dungeons\ZygorGearAllianceTrial.lua"/>

		<Script file="Dungeons\ZygorGearCommon_MASTER.lua"/>
		<Script file="Dungeons\ZygorGearCommon.lua"/>
		<Script file="Dungeons\ZygorGearCommonTrial.lua"/>

	<!-- PROFESSIONS -->
		<!-- CATA -->

		<Script file='Professions\ZygorProfessionsCommon.lua'/> <!-- Everyone gets this -->
		<Script file='Professions\ZygorProfessionsCommonMOP.lua'/> <!-- Everyone on MOP gets this -->
		<Script file='Professions\ZygorProfessionsCommonWOD.lua'/> <!-- Everyone on WOD gets this -->

		<Script file="Professions\ZygorProfessionsAllianceCATA_MASTER.lua"/>
		<Script file="Professions\ZygorProfessionsAllianceCATA.lua"/>
		<Script file="Professions\ZygorProfessionsAllianceCATATrial.lua"/>

		<Script file="Professions\ZygorProfessionsHordeCATA_MASTER.lua"/>
		<Script file="Professions\ZygorProfessionsHordeCATA.lua"/>
		<Script file="Professions\ZygorProfessionsHordeCATATrial.lua"/>
		
		<!-- MOP -->
		<Script file="Professions\ZygorProfessionsHordeMOP_MASTER.lua"/>
		<Script file="Professions\ZygorProfessionsHordeMOP.lua"/>
		<Script file="Professions\ZygorProfessionsHordeMOPTrial.lua"/>

		<Script file="Professions\ZygorProfessionsAllianceMOP_MASTER.lua"/>
		<Script file="Professions\ZygorProfessionsAllianceMOP.lua"/>
		<Script file="Professions\ZygorProfessionsAllianceMOPTrial.lua"/>

		<!-- WOD -->
		<Script file="Professions\ZygorProfessionsHordeWOD_MASTER.lua"/>
		<Script file="Professions\ZygorProfessionsHordeWOD.lua"/>
		<Script file="Professions\ZygorProfessionsHordeWODTrial.lua"/>

		<Script file="Professions\ZygorProfessionsAllianceWOD_MASTER.lua"/>
		<Script file="Professions\ZygorProfessionsAllianceWOD.lua"/>
		<Script file="Professions\ZygorProfessionsAllianceWODTrial.lua"/>

	<!-- ACHIEVEMENTS -->
		<!-- CATA -->
		<Script file="Achievements\ZygorAchievementsCommon.lua"/> <!-- Everyone gets this -->

		<Script file="Achievements\ZygorAchievementsAllianceCATA_MASTER.lua"/>
		<Script file="Achievements\ZygorAchievementsAllianceCATA.lua"/>
		<Script file="Achievements\ZygorAchievementsAllianceCATATrial.lua"/>

		<Script file="Achievements\ZygorAchievementsHordeCATA_MASTER.lua"/>
		<Script file="Achievements\ZygorAchievementsHordeCATA.lua"/>
		<Script file="Achievements\ZygorAchievementsHordeCATATrial.lua"/>

		<!-- MOP -->
		<Script file="Achievements\ZygorAchievementsHordeMOP_MASTER.lua"/>
		<Script file="Achievements\ZygorAchievementsHordeMOP.lua"/>
		<Script file="Achievements\ZygorAchievementsHordeMOPTrial.lua"/>

		<Script file="Achievements\ZygorAchievementsAllianceMOP_MASTER.lua"/>
		<Script file="Achievements\ZygorAchievementsAllianceMOP.lua"/>
		<Script file="Achievements\ZygorAchievementsAllianceMOPTrial.lua"/>

		<!-- WOD -->
		<Script file="Achievements\ZygorAchievementsHordeWOD_MASTER.lua"/>
		<Script file="Achievements\ZygorAchievementsHordeWOD.lua"/>
		<Script file="Achievements\ZygorAchievementsHordeWODTrial.lua"/>

		<Script file="Achievements\ZygorAchievementsAllianceWOD_MASTER.lua"/>
		<Script file="Achievements\ZygorAchievementsAllianceWOD.lua"/>
		<Script file="Achievements\ZygorAchievementsAllianceWODTrial.lua"/>

	<!-- PETS AND MOUNTS -->
		<!-- All Pets  Order for these matters-->
		<!--WOD PETS-->
		<Script file="PetsMounts\ZygorPetsAllianceWOD_MASTER.lua"/>
		<Script file="PetsMounts\ZygorPetsAllianceWOD.lua"/>
		<Script file="PetsMounts\ZygorPetsAllianceWODTrial.lua"/>

		<Script file="PetsMounts\ZygorPetsHordeWOD_MASTER.lua"/>
		<Script file="PetsMounts\ZygorPetsHordeWOD.lua"/>
		<Script file="PetsMounts\ZygorPetsHordeWODTrial.lua"/>

		<Script file="PetsMounts\ZygorPetsCommonWOD_MASTER.lua"/>
		<Script file="PetsMounts\ZygorPetsCommonWOD.lua"/>
		<Script file="PetsMounts\ZygorPetsCommonWODTrial.lua"/>
		
		<!--MOP PETS-->
		<Script file="PetsMounts\ZygorPetsAllianceMOP_MASTER.lua"/>
		<Script file="PetsMounts\ZygorPetsAllianceMOP.lua"/>
		<Script file="PetsMounts\ZygorPetsAllianceMOPTrial.lua"/>

		<Script file="PetsMounts\ZygorPetsHordeMOP_MASTER.lua"/>
		<Script file="PetsMounts\ZygorPetsHordeMOP.lua"/>
		<Script file="PetsMounts\ZygorPetsHordeMOPTrial.lua"/>

		<Script file="PetsMounts\ZygorPetsCommonMOP_MASTER.lua"/>
		<Script file="PetsMounts\ZygorPetsCommonMOP.lua"/>
		<Script file="PetsMounts\ZygorPetsCommonMOPTrial.lua"/>
		
		<!--CATA PETS-->
		<Script file="PetsMounts\ZygorPetsAllianceCATA_MASTER.lua"/>
		<Script file="PetsMounts\ZygorPetsAllianceCATA.lua"/>
		<Script file="PetsMounts\ZygorPetsAllianceCATATrial.lua"/>
		
		<Script file="PetsMounts\ZygorPetsHordeCATA_MASTER.lua"/>
		<Script file="PetsMounts\ZygorPetsHordeCATA.lua"/>
		<Script file="PetsMounts\ZygorPetsHordeCATATrial.lua"/>

		<Script file="PetsMounts\ZygorPetsCommonCATA_MASTER.lua"/>
		<Script file="PetsMounts\ZygorPetsCommonCATA.lua"/>
		<Script file="PetsMounts\ZygorPetsCommonCATATrial.lua"/>
			
		<!-- CATA -->
		<Script file="PetsMounts\ZygorHunterPetHordeCATA_MASTER.lua"/>
		<Script file="PetsMounts\ZygorHunterPetHordeCATA.lua"/>
		<Script file="PetsMounts\ZygorHunterPetHordeCATATrial.lua"/>

		<Script file="PetsMounts\ZygorHunterPetAllianceCATA_MASTER.lua"/>
		<Script file="PetsMounts\ZygorHunterPetAllianceCATA.lua"/>
		<Script file="PetsMounts\ZygorHunterPetAllianceCATATrial.lua"/>
		
		<Script file="PetsMounts\ZygorMountsHordeCATA_MASTER.lua"/>
		<Script file="PetsMounts\ZygorMountsHordeCATA.lua"/>
		<Script file="PetsMounts\ZygorMountsHordeCATATrial.lua"/>

		<Script file="PetsMounts\ZygorMountsAllianceCATA_MASTER.lua"/>
		<Script file="PetsMounts\ZygorMountsAllianceCATA.lua"/>
		<Script file="PetsMounts\ZygorMountsAllianceCATATrial.lua"/>
		
		<!-- MOP -->
		<Script file="PetsMounts\ZygorHunterPetHordeMOP_MASTER.lua"/>
		<Script file="PetsMounts\ZygorHunterPetHordeMOP.lua"/>
		<Script file="PetsMounts\ZygorHunterPetHordeMOPTrial.lua"/>

		<Script file="PetsMounts\ZygorHunterPetAllianceMOP_MASTER.lua"/>
		<Script file="PetsMounts\ZygorHunterPetAllianceMOP.lua"/>
		<Script file="PetsMounts\ZygorHunterPetAllianceMOPTrial.lua"/>
		
		<Script file="PetsMounts\ZygorMountsHordeMOP_MASTER.lua"/>
		<Script file="PetsMounts\ZygorMountsHordeMOP.lua"/>
		<Script file="PetsMounts\ZygorMountsHordeMOPTrial.lua"/>

		<Script file="PetsMounts\ZygorMountsAllianceMOP_MASTER.lua"/>
		<Script file="PetsMounts\ZygorMountsAllianceMOP.lua"/>
		<Script file="PetsMounts\ZygorMountsAllianceMOPTrial.lua"/>

		<Script file="PetsMounts\ZygorBattlePetQuestsHordeMOP_MASTER.lua"/>
		<Script file="PetsMounts\ZygorBattlePetQuestsHordeMOP.lua"/>
		<Script file="PetsMounts\ZygorBattlePetQuestsHordeMOPTrial.lua"/>

		<Script file="PetsMounts\ZygorBattlePetQuestsAllianceMOP_MASTER.lua"/>
		<Script file="PetsMounts\ZygorBattlePetQuestsAllianceMOP.lua"/>
		<Script file="PetsMounts\ZygorBattlePetQuestsAllianceMOPTrial.lua"/>
		
		<!-- WOD -->
		<Script file="PetsMounts\ZygorHunterPetHordeWOD_MASTER.lua"/>
		<Script file="PetsMounts\ZygorHunterPetHordeWOD.lua"/>
		<Script file="PetsMounts\ZygorHunterPetHordeWODTrial.lua"/>

		<Script file="PetsMounts\ZygorHunterPetAllianceWOD_MASTER.lua"/>
		<Script file="PetsMounts\ZygorHunterPetAllianceWOD.lua"/>
		<Script file="PetsMounts\ZygorHunterPetAllianceWODTrial.lua"/>
		
		<Script file="PetsMounts\ZygorMountsHordeWOD_MASTER.lua"/>
		<Script file="PetsMounts\ZygorMountsHordeWOD.lua"/>
		<Script file="PetsMounts\ZygorMountsHordeWODTrial.lua"/>

		<Script file="PetsMounts\ZygorMountsAllianceWOD_MASTER.lua"/>
		<Script file="PetsMounts\ZygorMountsAllianceWOD.lua"/>
		<Script file="PetsMounts\ZygorMountsAllianceWODTrial.lua"/>

		<Script file="PetsMounts\ZygorBattlePetQuestsHordeWOD_MASTER.lua"/>
		<Script file="PetsMounts\ZygorBattlePetQuestsHordeWOD.lua"/>
		<Script file="PetsMounts\ZygorBattlePetQuestsHordeWODTrial.lua"/>

		<Script file="PetsMounts\ZygorBattlePetQuestsAllianceWOD_MASTER.lua"/>
		<Script file="PetsMounts\ZygorBattlePetQuestsAllianceWOD.lua"/>
		<Script file="PetsMounts\ZygorBattlePetQuestsAllianceWODTrial.lua"/>
		
	<!-- TITLES -->
		<!-- CATA -->
		<Script file="Titles\ZygorTitlesHordeCATA_MASTER.lua"/>
		<Script file="Titles\ZygorTitlesHordeCATA.lua"/>
		<Script file="Titles\ZygorTitlesHordeCATATrial.lua"/>

		<Script file="Titles\ZygorTitlesAllianceCATA_MASTER.lua"/>
		<Script file="Titles\ZygorTitlesAllianceCATA.lua"/>
		<Script file="Titles\ZygorTitlesAllianceCATATrial.lua"/>

		<!-- MOP -->
		<Script file="Titles\ZygorTitlesHordeMOP_MASTER.lua"/>
		<Script file="Titles\ZygorTitlesHordeMOP.lua"/>
		<Script file="Titles\ZygorTitlesHordeMOPTrial.lua"/>

		<Script file="Titles\ZygorTitlesAllianceMOP_MASTER.lua"/>
		<Script file="Titles\ZygorTitlesAllianceMOP.lua"/>
		<Script file="Titles\ZygorTitlesAllianceMOPTrial.lua"/>

		<!-- WOD -->
		<Script file="Titles\ZygorTitlesHordeWOD_MASTER.lua"/>
		<Script file="Titles\ZygorTitlesHordeWOD.lua"/>
		<Script file="Titles\ZygorTitlesHordeWODTrial.lua"/>

		<Script file="Titles\ZygorTitlesAllianceWOD_MASTER.lua"/>
		<Script file="Titles\ZygorTitlesAllianceWOD.lua"/>
		<Script file="Titles\ZygorTitlesAllianceWODTrial.lua"/>

	<!-- REPUTATIONS -->
		<!-- CATA -->	
		<Script file="Reputations\ZygorReputationsHordeCATA_MASTER.lua"/>
		<Script file="Reputations\ZygorReputationsHordeCATA.lua"/>
		<Script file="Reputations\ZygorReputationsHordeCATATrial.lua"/>

		<Script file="Reputations\ZygorReputationsAllianceCATA_MASTER.lua"/>
		<Script file="Reputations\ZygorReputationsAllianceCATA.lua"/>
		<Script file="Reputations\ZygorReputationsAllianceCATATrial.lua"/>

		<!-- MOP -->
		<Script file="Reputations\ZygorReputationsHordeMOP_MASTER.lua"/>
		<Script file="Reputations\ZygorReputationsHordeMOP.lua"/>
		<Script file="Reputations\ZygorReputationsHordeMOPTrial.lua"/>

		<Script file="Reputations\ZygorReputationsAllianceMOP_MASTER.lua"/>
		<Script file="Reputations\ZygorReputationsAllianceMOP.lua"/>
		<Script file="Reputations\ZygorReputationsAllianceMOPTrial.lua"/>

		<!-- WOD -->
		<Script file="Reputations\ZygorReputationsHordeWOD_MASTER.lua"/>
		<Script file="Reputations\ZygorReputationsHordeWOD.lua"/>
		<Script file="Reputations\ZygorReputationsHordeWODTrial.lua"/>

		<Script file="Reputations\ZygorReputationsAllianceWOD_MASTER.lua"/>
		<Script file="Reputations\ZygorReputationsAllianceWOD.lua"/>
		<Script file="Reputations\ZygorReputationsAllianceWODTrial.lua"/>

	<!-- GOLD -->

		<Script file="Gold\CraftingTablesRecs.lua" />
		<Script file="Gold\CraftingTablesRecsTrial.lua" />
		<Script file="Gold\CraftingTablesScrolls.lua" />
		<Script file="Gold\CraftingTablesSources.lua" />
		<Script file="Gold\CraftingTablesItems.lua" />

		<Script file="Gold\AHItemStatus.lua" />

		<Script file="Gold\ZygorFarmingCommonWOD.lua" />
		<Script file="Gold\ZygorFarmingAllianceWOD.lua" />
		<Script file="Gold\ZygorFarmingHordeWOD.lua" />
		<Script file="Gold\ZygorGatheringCommonWOD.lua" />
		<Script file="Gold\ZygorGatheringAllianceWOD.lua" />
		<Script file="Gold\ZygorGatheringHordeWOD.lua" />
		<Script file="Gold\ZygorGoldRunsCommonWOD.lua" />
		<Script file="Gold\ZygorGoldRunsAllianceWOD.lua" />
		<Script file="Gold\ZygorGoldRunsHordeWOD.lua" />
	
	<Script file="ZygorMacros.lua"/>
	
	<!--<Script file="POI.lua" />-->
	<Script file="WOD_A_Pets.lua" />
	<Script file="WOD_H_Pets.lua" />
	<Script file="WOD_A_Rares.lua" />
	<Script file="WOD_H_Rares.lua" />
	<Script file="WOD_A_Treasures.lua" />
	<Script file="WOD_H_Treasures.lua" />

	<Include file="Autoload-dev.xml" />

	<!-- user guides -->
	<Script file="Guide01.lua"/><Script file="Guide02.lua"/><Script file="Guide03.lua"/><Script file="Guide04.lua"/><Script file="Guide05.lua"/><Script file="Guide06.lua"/><Script file="Guide07.lua"/><Script file="Guide08.lua"/><Script file="Guide09.lua"/><Script file="Guide10.lua"/>
	<Script file="Guide11.lua"/><Script file="Guide12.lua"/><Script file="Guide13.lua"/><Script file="Guide14.lua"/><Script file="Guide15.lua"/><Script file="Guide16.lua"/><Script file="Guide17.lua"/><Script file="Guide18.lua"/><Script file="Guide19.lua"/><Script file="Guide20.lua"/>
	<Script file="Guide21.lua"/><Script file="Guide22.lua"/><Script file="Guide23.lua"/><Script file="Guide24.lua"/><Script file="Guide25.lua"/><Script file="Guide26.lua"/><Script file="Guide27.lua"/><Script file="Guide28.lua"/><Script file="Guide29.lua"/><Script file="Guide30.lua"/>
	<Script file="Guide31.lua"/><Script file="Guide32.lua"/><Script file="Guide33.lua"/><Script file="Guide34.lua"/><Script file="Guide35.lua"/><Script file="Guide36.lua"/><Script file="Guide37.lua"/><Script file="Guide38.lua"/><Script file="Guide39.lua"/><Script file="Guide40.lua"/>

		<Script>
		ZGV.loading_time_guides = debugprofilestop()-___TG
		___TG=nil
		</Script>
</Ui>
