<Ui xmlns="http://www.blizzard.com/wow/ui/" xmlns:xsi="http://www.w3.org/2001/XMLSchema-instance" xsi:schemaLocation="http://www.blizzard.com/wow/ui/FrameXML/UI.xsd">

	<Script>
	___ZGV_LOAD_TIME = debugprofilestop()
	collectgarbage()
	___ZGV_LOAD_MEM = collectgarbage("count")
	</Script>

	<Script file="ZygorGuidesViewer.lua"/>
	<Script file="Licence.lua"/>

	<Script file="Ver.lua"/>
	<Script file="Class.lua"/>
	<Script file="Functions.lua"/>
	<Include file="UiWidgets\files.xml" />

	<Include file="DEV\DEV.xml" />

	<Include file="ZygorTalentAdvisor\ZygorTalentAdvisorFiles.xml" />

	<Script file="BugReport.lua"/>

	<Script file="Parser.lua"/>
	<Script file="ChainsParser.lua"/>
	<Script file="Options.lua"/>
	<Script file="Waypoints.lua"/>
	<Script file="Log.lua"/>
	<Script file="Localizers.lua"/>
	<Script file="QuestTracking.lua"/>
	<Script file="Faction.lua"/>
	<Script file="Profession.lua"/>
	<Script file="Dungeons.lua"/>

	<!--
	<Script file="ErrorLogger.lua"/>
	-->

	<Script file="QuestAutoAccept.lua"/>

	<Script file="Guide.lua"/>
	<Script file="MacroGuide.lua"/>
	<Script file="Step.lua"/>
	<Script file="Goal.lua"/>

	<Include file="Loot.xml"/>
	<Script file="Loot.lua"/>
	<Script file="Loot-SellItemsPopup.lua"/>
	<Script file="PetBattle.lua"/>

	<Script file="Config.lua"/>
	<Script file="Tutorial.lua"/>
	
	<Script file="Achievement.lua"/>

	<Script file="StaticPopups.lua" />

	<Script file="NotificationCenter.lua"/>

	<Script file="Pointer.lua"/>
	<Include file="PointerMarkerTemplates.xml" />
	<Include file="Arrows\Arrows.xml" />

	<Script file="Foglight.lua"/>
	<!-- <Script file="MapCoords.lua"/> -->

	<Script file="Dev.lua"/>

	<Include file="MasterFrame.xml"/>
	<Include file="MaintenanceFrame.xml"/>

	<Include file="Skins.lua"/>
	<Include file="Skins\Skins.xml"/>

	<Include file="MapSpotMarkerTemplates.xml" />
	<Script file="MapSpot.lua" />
	<Script file="MapSpotSet.lua" />
	<!-- <Script file="MapSpotsDetector.lua" /> -->

	<!-- <Script file="ZygorGuidesViewerOptions.lua"/> -->
	<Include file="ZygorMapIcon.xml" />
	<!-- <Include file="ZygorGuidesViewerMiniFrame.xml"/> -->
	<Include file="GuideMenu.lua" />

	<Include file="Templates.xml" />
		
	<Include file="TitanZygor.xml" />
	<Script file="CreatureViewer.lua" />
	<Script file="MagicKey.lua" />

	<Script file="CreatureDetector.lua" />
	
	<Script file="Item-DataTables.lua" />
	<Script file="Item-ItemScore.lua" />
	<Script file="Item-ProcScore.lua" />
	<Script file="Item-GearFinder.lua" />
	<Script file="Item-Quest.lua" />
	<Script file="Item-AutoEquip.lua" />
	<Script file="Item-Events.lua" />

	<Include file="GoldUI\Gold.xml" />

	<Include file="Data\data.xml"/>




	<Include file="Guides\Autoload.xml"/>




	<Script file="WhoWhere.lua"/>

	<Script file="InventoryManager.lua"/>
	<Script file="InventoryManager-ReminderPopup.lua"/>
	
	<!-- disabled, we might not be using -->
	<!-- <Script file="GG__\TownDatabase.lua"/> -->
	
	<Script file="ServerPricesDump.lua"/>

	<Script file="InitialFlightPaths.lua" />
	
	<Script file="TestFramework.lua"/>

	<Script file="Poi.lua"/>
	
	<Script>
	ZGV.loading_time_total = (debugprofilestop()-___ZGV_LOAD_TIME)
	___ZGV_LOAD_TIME=nil

	collectgarbage()
	ZGV.loading_memory_total = collectgarbage("count")-___ZGV_LOAD_MEM
	___ZGV_LOAD_MEM=nil
	</Script>
</Ui>
