<Ui xmlns="http://www.blizzard.com/wow/ui/" xmlns:xsi="http://www.w3.org/2001/XMLSchema-instance" xsi:schemaLocation="http://www.blizzard.com/wow/ui/
..\FrameXML\UI.xsd">
	<Script file="LibStub\LibStub.lua"/>
<!--
	<Include file="LibSimpleOptions-1.0\lib.xml" />
	<Script file="AceLibrary\AceLibrary.lua"/>
	<Script file="AceOO-2.0\AceOO-2.0.lua"/>
	<Script file="AceEvent-2.0\AceEvent-2.0.lua"/>
	<Script file="AceAddon-2.0\AceAddon-2.0.lua"/>
	<Script file="AceDB-2.0\AceDB-2.0.lua"/>
	<Script file="AceHook-2.1\AceHook-2.1.lua"/>
	<Script file="AceLocale-2.2\AceLocale-2.2.lua"/>
	<Script file="AceConsole-2.0\AceConsole-2.0.lua"/>
	<Script file="AceModuleCore-2.0\AceModuleCore-2.0.lua"/>
-->
	<Include file="CallbackHandler-1.0\CallbackHandler-1.0.xml"/>
	<Include file="AceAddon-3.0\AceAddon-3.0.xml"/>
	<Include file="AceGUI-3.0\AceGUI-3.0.xml"/>
	<Include file="AceConfig-3.0\AceConfig-3.0.xml"/>
	<Include file="AceEvent-3.0\AceEvent-3.0.xml"/>
	<Include file="AceDB-3.0\AceDB-3.0.xml"/>
	<Include file="AceDBOptions-3.0\AceDBOptions-3.0.xml"/>
	<Include file="AceHook-3.0\AceHook-3.0.xml"/>
	<Include file="AceLocale-3.0\AceLocale-3.0.xml"/>
	<Include file="AceConsole-3.0\AceConsole-3.0.xml"/>
	<Include file="AceTimer-3.0\AceTimer-3.0.xml"/>
	<Include file="LibBabble-Zone-3.0\lib.xml"/>
	<Include file="LibBabble-SubZone-3.0\lib.xml"/>
	<Include file="LibBabble-Faction-3.0\lib.xml"/>
	<Include file="LibBetterBlizzOptions-1.0\lib.xml"/>
	<Include file="LibGratuity-3.0\lib.xml"/>

	<!--
	<Include file="LibQuestWatch-1.0\lib.xml"/>
	-->
	
	<Include file="LibMapData-1.0\lib.xml"/>
	<!-- <Include file="LibDataBroker-1.1\lib.xml"/> -->
	<Include file="Astrolabe\load.xml"/>

	<Include file="LibTaxi-1.0\lib.xml"/>
	<Include file="LibRover-1.0\lib.xml"/>

	<!-- <Include file="SlideBar\lib.xml"/> -->

	<!--
	<Script file="old\AceConsole-2.0\AceConsole-2.0.lua"/>
	#AceComm-2.0\AceComm-2.0.lua
	#Dewdrop-2.0\Dewdrop-2.0.lua
	#Tablet-2.0\Tablet-2.0.lua
	-->
</Ui>